Emp ID,Name,DOB,SSN,State
232,John Mathews,2/24/91,289-31-9165,North Dakota
533,Nathan Moore,11/19/78,220-05-7469,Maine
256,Amanda Douglas,1/8/90,564-27-6961,Idaho
189,Heather Andrews,8/11/76,742-79-1797,Vermont
284,Daniel Hernandez,7/22/76,656-01-7473,Colorado
512,Danny Pena,1/31/78,158-33-9878,Minnesota
126,Gary Knight,3/8/94,782-25-1242,Arkansas
556,Robin Carroll,10/14/72,606-48-7194,California
595,Michelle Dickerson,2/8/84,707-24-2817,Tennessee
191,Kimberly Gallegos,8/5/72,653-52-7563,Oregon
55,Morgan Parker,1/30/86,692-70-4320,Tennessee
623,Mason Rhodes,1/28/77,841-07-4767,Maryland
426,Amy Griffin,2/18/73,241-86-1946,Massachusetts
535,Danielle House,4/16/75,350-25-9308,Maine
399,Charles Greene,11/28/92,299-23-2935,Kentucky
33,Nicholas Martinez,4/5/79,122-26-1689,Louisiana
302,Tracey Meadows,1/12/88,642-22-6175,Rhode Island
325,Renee Evans,3/14/91,748-42-2708,Montana
188,Joseph Estrada,3/29/84,246-57-2571,Pennsylvania
184,Jeremy Warner,10/20/87,423-43-1184,Alabama
526,Anthony Rodriguez,2/9/83,843-84-3865,Idaho
85,Kristen Lopez,1/2/78,364-04-8194,Virginia
171,Mark Mcdonald,6/27/84,053-77-0101,Montana
74,Robert Freeman,1/1/84,084-85-5211,Arkansas
69,Michael Reynolds,10/30/94,592-41-8507,California
365,Kristine Little,7/10/74,113-66-1771,South Dakota
149,April Barnes,2/15/83,128-77-3288,Rhode Island
218,Pamela Hodges,2/19/89,006-66-1423,Utah
647,Ronald Gilbert,5/26/74,457-77-4448,Wyoming
518,Thomas Cooper,8/17/72,212-54-9890,Colorado
12,Dakota Harrington,8/24/72,798-25-7188,Virginia
622,Jennifer Porter,1/20/91,170-63-5572,Wisconsin
159,Beverly Jordan,8/15/86,671-99-3762,New Mexico
394,Mark Brown,4/2/75,236-95-8531,California
158,Amy Ford,6/5/74,002-25-6461,North Carolina
446,Benjamin King,5/7/73,739-64-8165,Rhode Island
352,Stephen Bryant,5/15/91,332-13-6488,South Dakota
598,Brandi Williams,10/15/89,110-22-8500,Maryland
505,Ashley Hutchinson,4/26/94,879-50-1510,South Carolina
173,Alisha Pacheco,1/13/82,470-37-2496,Michigan
84,Robert Campbell,2/27/73,278-32-9581,South Dakota
406,Sandra Sanders,10/6/80,006-06-1673,Rhode Island
164,Katherine Hensley,5/29/91,700-38-7226,Connecticut
267,Stacy Cox,11/8/76,302-26-0990,Alabama
503,Frank Barton,6/10/93,774-52-5568,Massachusetts
295,Shannon Kramer,5/4/80,680-62-7615,South Carolina
590,Brenda James,12/31/77,721-56-3251,Hawaii
97,Paula Edwards,8/10/88,645-23-0638,Kansas
3,Jennifer Rowe,9/16/80,801-60-9014,New York
20,David Foster,1/9/90,365-26-6956,Missouri
179,William Boyle,1/30/88,834-63-0490,Arkansas
86,Christopher Greene,5/29/72,530-92-8446,Idaho
219,Matthew Fuller,4/27/80,738-39-2989,Mississippi
237,Gabriela Nguyen,12/17/81,075-73-3729,Washington
96,Allison Diaz,3/25/94,281-52-8927,Arkansas
22,Isaac Jordan,5/6/86,488-29-0520,Texas
439,Cheryl Bailey,10/31/91,426-94-1224,North Carolina
146,Julie Castillo,2/16/88,876-21-4523,Alaska
271,Michael Adams,12/10/86,070-09-3927,Florida
103,Melinda Parsons,2/7/86,600-90-8751,Nebraska
540,Robert Campbell,1/17/87,368-69-3694,Delaware
144,Julie Nelson,8/8/94,695-57-1332,South Dakota
594,Steven Nelson,4/14/89,664-38-2085,Vermont
176,Hailey Lynn,3/25/73,863-75-9488,California
198,Dillon Nguyen,5/26/78,515-28-4552,Illinois
433,Hannah Miller,10/18/73,710-61-4657,New York
274,Jeffrey Harris,5/25/94,117-70-4763,Kentucky
6,Daniel Welch,8/8/82,001-90-6950,Illinois
452,Bryan Jackson,9/8/82,801-72-8117,Maryland
23,Denise George,9/7/90,022-05-4879,Wisconsin
373,Alicia Carney,9/10/89,568-83-9437,Ohio
374,William Peters,3/20/86,716-80-7516,Kentucky
200,Dustin Drake,9/17/93,257-73-5454,West Virginia
428,Jessica Thornton,1/3/83,546-27-2381,Kansas
116,Rebecca Wilson,6/8/80,760-70-6629,Michigan
418,Katherine Lane,11/1/86,019-89-6820,New Hampshire
9,Sarah Harper,7/27/93,824-14-5891,Alaska
230,Jermaine Hill,9/11/88,126-49-5479,New Jersey
502,Michael Marshall,4/5/90,118-93-5125,Michigan
632,Kirsten Mcbride,9/10/73,797-71-2372,Iowa
112,Rachael Holmes,7/30/73,096-04-2067,Georgia
422,Leon Foster,9/19/75,413-38-3153,South Carolina
131,David Mcclain,8/2/76,075-49-5430,Ohio
404,Emily Lawrence,11/24/91,224-10-1991,Tennessee
504,Troy Booth,12/27/90,485-13-5141,Tennessee
194,Stephanie Ho,4/25/83,204-51-3656,Kansas
567,Michele Hendricks,3/10/90,737-42-7341,Mississippi
253,Eric Harper,11/12/86,067-02-2860,Nevada
407,Jonathan Gomez,6/5/93,395-99-4727,South Dakota
82,Kevin Garcia,11/25/77,206-65-4722,Nevada
429,Howard Lawson,4/13/84,401-14-7664,Michigan
78,Stacy Robertson,9/24/74,571-39-0248,Wyoming
167,John Beck,7/27/85,524-33-3635,Arkansas
484,Julia Morgan,3/18/76,767-20-1731,Wisconsin
60,Allen Leon,4/6/75,841-36-9089,Michigan
400,James Rios,3/4/78,383-08-3987,Idaho
34,Ralph Wells,10/19/88,216-43-4237,Kansas
596,Megan Chavez,10/8/91,747-91-7659,Connecticut
279,Ashley Patrick,6/7/74,839-26-0763,Wyoming
466,Bonnie Bowen,11/7/93,800-70-5889,Idaho
327,Andrew Lawson,4/5/82,856-80-7313,Montana
382,Tonya Chavez,4/17/84,786-57-5703,Montana
369,Michelle Larson,3/20/80,532-69-3866,Florida
347,Mark Garrett,9/18/85,402-24-4408,Wyoming
25,Chelsea Rivera,6/21/87,085-21-0140,New Hampshire
317,Amanda Krause,11/6/77,113-41-4744,Illinois
321,Paige Spencer,9/2/91,363-54-8621,New York
193,Rhonda Gonzales,6/7/76,516-64-4110,Idaho
606,Jasmine Kelly,6/30/79,055-80-3251,Minnesota
123,Amy Sherman,8/4/73,782-65-6029,New Jersey
566,David Arroyo,4/16/75,732-94-9403,Florida
409,Robert Lin,11/12/75,561-55-0121,Arizona
265,Paul Wilson,6/19/93,391-91-9871,Iowa
490,Paul Meyers,3/13/89,404-53-1680,Hawaii
311,Jessica Elliott,6/4/78,772-77-1632,Ohio
537,Anthony Richmond,10/5/89,080-33-8935,Arkansas
147,William Rivera,3/8/75,803-02-7032,South Dakota
304,Sheri Villegas,2/13/85,465-80-8629,Oregon
472,Kelly Hopkins,10/8/84,890-86-6875,Hawaii
348,Darren Farrell,5/24/91,678-95-5885,California
91,Darlene Harmon,5/5/80,227-65-3052,West Virginia
410,Rachel Lyons,8/29/72,296-79-0900,Maine
344,David Jacobs,2/28/82,065-41-3682,Florida
419,Christina Weeks,10/15/72,740-28-2028,Pennsylvania
1,Andrea Anderson,11/12/84,818-91-5650,Connecticut
532,Jennifer Smith,1/31/89,705-34-1748,Georgia
107,Shirley Andrews,12/7/81,723-99-5306,Ohio
166,Adrian Rivera,2/13/73,144-95-5638,Massachusetts
391,George Mckinney,2/4/84,755-33-7748,Utah
67,Hailey Boyd,11/17/80,086-77-0270,New York
447,Tiffany Harris,1/12/83,121-83-9733,West Virginia
653,Mary Hunter,11/1/77,177-57-6623,Texas
294,Robert Edwards,4/7/80,096-77-5215,Georgia
416,Barbara Lambert,9/7/79,165-52-5353,Idaho
185,Angela Armstrong,3/22/90,269-99-2446,New York
637,Brett Ward,9/27/79,700-71-0204,Minnesota
333,Troy Sanchez,11/15/90,168-44-2052,Oklahoma
579,Garrett Carter,9/26/88,652-58-7246,California
215,James Reeves,1/31/88,770-54-1620,Indiana
152,Mary Baker,7/8/79,533-88-0954,Michigan
301,Alexandra Bradley,6/13/80,667-90-9390,Alabama
572,Aaron James,3/25/74,778-13-4596,Oregon
165,Thomas Wood,8/21/79,248-17-8269,Tennessee
639,Charlene Jackson,10/28/89,738-45-8809,Wyoming
405,Mary Robbins,12/1/75,407-63-9514,Florida
390,Kayla Washington,10/8/85,541-21-6218,Connecticut
641,Kimberly Knapp,11/23/92,727-48-1122,Colorado
51,Nicholas Brown,9/18/88,084-56-2869,South Carolina
421,Rebecca Marshall,5/6/74,773-33-1020,Pennsylvania
106,Mark Smith,7/7/79,522-60-5381,North Dakota
379,Adam Harrell,10/18/81,469-74-0742,West Virginia
76,Steve Daniels,9/14/80,185-86-3537,Colorado
68,Victoria Potter,3/25/88,010-68-4290,Utah
118,Kathy Preston,3/6/90,424-27-9960,Louisiana
127,Michael Donaldson,1/1/95,199-58-7624,California
542,Brian Bridges,2/22/76,575-85-4546,Minnesota
181,Martha Gonzalez,1/17/81,686-29-8342,Kansas
111,Paul Rogers,1/10/92,746-01-6284,Montana
481,Dawn Galvan,9/3/89,265-68-8058,Tennessee
568,Amber West,1/19/78,557-26-7363,North Dakota
395,Christopher Guerrero,1/29/83,852-24-4036,Wyoming
345,Stacy Brooks,6/17/91,145-64-4661,South Carolina
438,Danielle Kaiser,8/21/75,563-85-9764,Alabama
403,Taylor Boyle,9/26/79,240-32-9756,Maryland
180,Donna Howard,12/16/78,587-37-3416,California
616,Anne Rios,11/26/74,743-73-6513,Hawaii
56,Theresa Barnes,9/28/76,254-35-2054,Connecticut
153,Lori Tate,3/8/77,111-26-9123,New Mexico
551,Alexandria Baker,11/2/74,366-95-3200,Nevada
135,Stephen Hensley,9/30/78,894-60-5372,Georgia
500,Jennifer Fischer,11/19/83,238-14-5609,Utah
24,Pamela Robinson,2/21/81,047-80-4275,New Mexico
81,Brendan Gonzalez,8/2/91,611-60-9993,South Carolina
50,Richard Turner,12/24/82,114-08-9924,Tennessee
328,Michael Robinson,10/22/73,558-20-2355,Illinois
402,Patricia Sharp,7/13/87,332-99-0306,Maryland
255,Elizabeth Avila,3/15/77,361-86-8453,New Hampshire
413,Christopher Martinez,12/28/78,575-63-8774,Connecticut
507,Isaac Woods,3/20/84,615-91-6227,Alaska
62,Adriana Wolf,10/17/94,589-24-1702,Oregon
150,David Pearson,6/14/82,122-43-1781,Alabama
109,Matthew Kramer,5/14/88,474-39-4860,Rhode Island
310,Pamela Archer,10/25/87,775-85-2625,West Virginia
243,Charles Stout,12/5/76,207-81-1997,Kansas
72,Daniel Boyd,7/18/78,402-94-1220,New York
608,Jimmy Jones,2/19/73,699-53-2030,Massachusetts
19,Rebecca Hammond,2/21/72,617-73-2706,Louisiana
30,Emily Diaz,12/4/86,383-57-9174,Alaska
119,Chad Wise,11/10/88,628-30-1355,Colorado
162,Todd Duran,1/14/76,297-29-1832,Kentucky
199,Brian Mclaughlin,9/21/87,719-81-2876,Pennsylvania
187,Katherine Rogers,5/13/88,167-41-9500,Maine
102,Joseph Adams,1/18/79,409-65-7778,Wisconsin
385,David Lowery,10/21/87,585-13-7963,Utah
626,Janice Young,7/7/88,891-32-4863,Washington
528,Anna Matthews,2/9/91,500-35-4474,Tennessee
31,Katie Garcia,3/22/83,702-04-8462,Alaska
43,Maria Estrada,4/30/90,549-32-8108,Louisiana
169,Ashley Smith,7/16/83,750-52-8720,Texas
204,Amy Wright,10/15/91,764-48-8641,California
494,Heather Scott,8/20/82,295-89-0361,New Hampshire
233,John Anderson,5/30/73,548-98-6681,New York
638,John Anderson,1/7/83,653-01-7935,Utah
57,Kimberly Harris,10/1/88,807-73-5459,Iowa
648,Christopher Smith,11/23/76,878-46-2521,Wisconsin
192,Daniel Singh,12/25/80,478-27-7521,Virginia
73,Miranda Nguyen,8/12/81,166-93-2585,Maine
477,Gregory Simpson,7/9/90,086-18-9365,Colorado
411,Daniel Brown,4/19/84,808-28-6526,New Mexico
630,Susan Thompson,5/17/85,518-54-6074,Tennessee
600,Rick Johns,7/30/84,537-62-7121,Nevada
634,Sean Calhoun,7/31/78,799-26-2261,South Dakota
296,Alan Holden,11/6/94,319-01-6916,Pennsylvania
154,Robin Silva,7/14/87,517-18-0453,Alaska
527,Nicole Conrad,6/2/85,370-18-6985,South Dakota
635,Deanna Russell,7/29/72,528-47-9236,Maryland
229,Joshua Bailey,7/20/86,599-22-4031,West Virginia
389,Daniel Patrick,10/15/72,498-64-8777,Georgia
220,William Smith,6/4/90,084-38-0654,Arkansas
454,Kristin Grant,8/23/80,753-79-9693,West Virginia
488,Kimberly Velasquez,1/10/89,076-78-4229,Georgia
41,Michael Dalton,3/8/94,054-72-2101,Wisconsin
522,Jason Shaw,11/1/85,497-85-4765,Kentucky
269,Jonathon Olson,7/8/85,858-76-7767,South Carolina
35,Andrea Perry,2/1/86,154-16-8897,Colorado
10,Anthony Nguyen,10/9/86,623-09-8472,Wisconsin
397,Anthony Christensen,5/13/83,207-71-8703,Ohio
45,Paul Murphy,7/18/75,241-75-9454,New Jersey
210,Susan Stewart,4/23/89,459-66-2712,Georgia
197,Scott Warren,6/24/85,756-57-3723,Ohio
354,Jennifer Avery,8/8/87,082-59-5062,Louisiana
552,Alexander Vaughan,8/22/88,866-33-8562,Michigan
414,Laura Parker,12/5/73,729-62-6879,Colorado
134,Derek Harrington,9/15/90,535-01-2836,Arkansas
11,Daniel Wells,8/27/94,839-35-7268,California
222,Kelly Phillips,11/5/87,192-12-1324,Michigan
442,Lauren Bennett,6/5/85,767-19-4874,Iowa
633,Aaron Wolf,4/9/78,317-42-1149,Wyoming
361,Julia Wright,9/4/80,542-41-6702,Colorado
205,Cheryl Dennis,6/16/86,026-01-0712,Texas
18,Donna Lopez,2/22/85,479-38-5711,Delaware
459,Matthew Gibbs,6/12/84,116-40-9698,Idaho
564,Nancy Mitchell,2/2/88,189-86-9365,Georgia
138,Ashley Bullock,7/23/83,889-76-5394,Mississippi
356,Andrew Moore,1/3/82,477-15-5178,Idaho
479,Joseph Martinez,10/5/73,768-26-9409,New Hampshire
100,Yvette Rodriguez,9/11/85,763-31-8123,Oregon
451,Carrie Barber,11/9/77,003-45-3083,Louisiana
432,Ashley Sherman,10/1/84,620-89-1501,Nebraska
71,Craig Garcia,8/18/94,455-61-3695,Pennsylvania
463,Jerome Brown,7/10/92,409-31-9456,Maryland
308,Kevin Beck,3/29/81,159-41-7304,Tennessee
591,Travis Hansen,7/28/81,475-71-6746,Delaware
214,Rodney Cook,12/15/94,238-96-6232,Rhode Island
290,Theresa Brown,2/20/93,804-19-3478,Minnesota
8,Wayne Mercer,9/21/89,701-03-7254,Massachusetts
182,Mary Lee,4/12/82,883-57-7361,Ohio
534,Matthew Martin,7/12/93,338-08-7803,Idaho
511,Lee Weber,12/3/88,198-89-9830,California
32,James Wilson,7/23/77,621-18-7343,Oregon
289,Angela Clark,4/20/88,281-90-3392,Minnesota
643,Allen Flynn,7/25/94,628-97-7573,New Hampshire
234,Darrell Coleman,8/24/92,812-42-4198,Wisconsin
618,Patrick Wells,8/3/79,466-38-3209,Mississippi
246,Tyler Beck,10/20/86,129-76-1385,Hawaii
546,Michelle Jenkins,11/29/77,858-22-8254,Nebraska
455,Scott Miller,9/27/91,209-56-3580,Wyoming
341,Maria Mcmillan,9/7/73,817-55-3730,Texas
252,Amy Waller,10/1/80,603-54-8763,Massachusetts
351,Jacob Thomas,3/31/76,809-33-8896,Mississippi
493,Amanda Jones,7/31/93,687-39-0691,Minnesota
599,Edward Padilla,10/9/93,719-25-5222,Pennsylvania
315,Debra Best,2/20/73,082-24-3320,North Dakota
577,Gregory Roberts,1/27/86,186-68-4496,Indiana
415,Suzanne Wheeler,5/19/85,456-41-2982,Wisconsin
303,Ann Lewis,1/14/76,298-83-0619,Montana
478,Michelle Peterson,6/25/84,177-22-2154,Massachusetts
313,Adam Thomas,12/30/82,057-11-1297,Virginia
4,Donna Owens,9/26/87,084-17-6696,Alabama
249,Pamela Lyons,9/27/72,867-13-3318,Arkansas
649,Victor Lopez,10/26/87,141-12-3964,Nevada
565,Matthew Miller,4/7/79,330-94-3517,Colorado
513,Kevin Foster,10/18/85,422-99-5090,Wisconsin
516,Alyssa Stokes,4/1/73,084-21-2432,Ohio
545,Mark Saunders,8/23/73,618-38-2640,Vermont
38,Michael Chapman,3/13/77,293-49-6874,Oregon
309,Cole Farrell,1/29/93,547-17-7973,Indiana
578,Michael Estrada,10/12/94,571-34-2448,Ohio
178,Shaun Martinez,12/11/82,152-98-5793,North Carolina
359,Victoria Moon,1/6/76,830-03-8604,Arizona
278,Brian Peters,5/7/82,543-13-3701,Hawaii
292,Jose Gonzalez,6/1/92,608-36-9797,Maryland
87,John Paul,11/20/73,315-98-7180,Kentucky
286,Stephanie Smith,4/26/78,259-17-1286,New Hampshire
221,Lisa Wilson,11/9/93,751-41-6950,Arizona
524,Cody Duran,1/15/73,653-33-6706,New Mexico
453,Ann Johnson,6/1/81,051-21-9046,Nebraska
468,Paula Hernandez,10/12/75,259-58-2951,California
444,Patrick Barber,7/21/91,613-82-9891,New York
350,Dennis Alvarado,11/27/73,632-89-4378,Montana
462,David Peterson,6/27/73,884-25-7312,Louisiana
66,Tina Williams,11/4/87,045-10-7775,Oregon
495,Bridget Koch,2/23/73,618-56-9714,Wyoming
586,Adrian Hernandez,9/8/93,433-29-5101,Nebraska
457,Andrea Potter,12/26/83,034-01-6384,New Hampshire
392,David Williams,7/7/90,802-19-6350,Massachusetts
202,Katherine Wright,5/10/87,665-34-3109,Arkansas
467,Kevin Taylor,4/19/79,273-85-2293,New Hampshire
627,Latoya Mitchell,3/15/91,057-81-3607,Maine
367,Tricia Smith,1/24/92,072-19-7866,California
244,David Miles,11/26/93,276-83-2657,Michigan
620,Gina Hoffman,3/20/90,723-22-4213,Utah
642,Tamara Whitney,9/21/75,871-91-9208,Missouri
427,John Garcia,4/14/87,044-94-3993,Texas
539,Craig Nunez,6/13/72,543-92-6566,Delaware
98,Desiree Ross,7/7/81,246-73-2608,Mississippi
324,Samantha Ramirez,8/11/81,851-36-7086,Maryland
589,David Patton,11/19/78,569-40-9705,Pennsylvania
339,Caroline Lopez,8/9/81,141-88-1325,Oklahoma
645,Karen Malone,9/3/85,843-57-5442,Colorado
355,Daniel Wright,12/31/89,873-89-3803,Florida
541,Brent Miller,1/14/78,590-87-9692,Hawaii
360,Mitchell Meyer,8/31/91,368-27-7666,Rhode Island
39,Annette Flores,4/19/77,537-24-3196,Nebraska
305,Wendy Hendrix,8/19/83,001-37-6634,Wyoming
474,Alexis Cross,8/11/83,552-98-3694,Minnesota
571,Jeffrey Jones,6/27/81,852-86-1822,South Dakota
372,Jessica Walsh,6/1/76,846-99-2907,Rhode Island
559,Sherry Henderson,2/15/91,217-07-3768,Florida
521,Jennifer Johnson,2/17/78,283-79-3102,Oklahoma
583,Scott Ellison,3/31/77,602-12-8653,New Hampshire
329,Denise Baldwin,4/6/92,279-07-7350,Alabama
201,Rebecca James,12/4/80,006-26-1514,Massachusetts
276,Sean Gonzales,8/11/81,068-74-8838,Missouri
592,Mary Chavez,4/27/90,809-22-2834,Pennsylvania
124,Ralph Martinez,2/26/80,824-09-4024,Washington
133,Thomas Stone,3/29/73,220-15-8227,Delaware
314,Christopher Anderson,7/1/74,726-98-1835,North Carolina
562,Allison Garcia,2/8/83,441-64-0105,Louisiana
125,Charles Hall,9/15/82,691-66-7617,Pennsylvania
625,Lawrence Roach,4/3/91,032-09-2080,Kentucky
312,Christopher Dougherty,3/29/78,344-71-0986,Alabama
90,William Small,8/5/90,454-32-0642,Colorado
236,Samuel May,3/30/88,091-15-0970,New Jersey
601,Brian Lopez,2/13/90,727-03-7558,Delaware
326,Amanda Clark,7/23/91,601-64-5043,Minnesota
264,Cody Taylor,11/13/78,769-71-3700,South Dakota
248,Sherry Love,3/24/75,166-29-8685,Oregon
485,Christine Stone,11/7/78,727-79-6503,Kansas
54,Kristy Diaz,3/26/88,779-76-1032,Iowa
2,Amy Long,7/19/82,791-29-7292,Florida
298,Haley Myers,3/20/85,357-51-0757,Maryland
99,Michael Holden,7/23/75,637-01-7951,Indiana
186,Kelly Ferrell,1/21/82,017-64-2299,New Hampshire
593,Rachel Valdez,5/21/85,288-96-0852,Utah
557,Kristine Roberson,3/18/81,285-17-0956,Minnesota
375,Vincent Watson,12/15/74,626-71-8997,Rhode Island
460,Elizabeth Bailey,7/15/79,304-36-7230,Michigan
496,Mark Mcmillan,7/8/76,737-51-2503,Michigan
487,Sheri Long,6/6/78,711-90-5166,Ohio
469,Daniel Mccall,7/12/87,171-75-5314,Nebraska
340,Dawn Malone,4/19/79,501-21-2070,Tennessee
363,Evan Romero,8/25/94,842-10-3334,New Mexico
108,Paul Adams,4/19/92,338-94-5765,West Virginia
357,Tracy Holt,10/20/88,558-78-1413,Alaska
293,Charles Wheeler,2/11/72,184-38-5781,California
604,Ashley Harris,8/9/93,105-86-7070,Illinois
7,Roberto Schmidt,2/7/94,731-10-1763,Alabama
94,Margaret Barton,10/10/75,381-60-0973,Idaho
227,Michelle Diaz,9/25/93,407-79-4889,Idaho
486,Mike Duncan,12/15/88,270-03-8115,Maryland
613,Alexandra Thomas,1/12/94,085-40-6760,South Dakota
603,Mark Murillo,9/22/76,069-17-9915,Michigan
332,Carol Dyer,3/12/89,600-52-5545,Hawaii
587,Daniel Williams,11/17/89,533-29-9146,New Hampshire
602,Sandra Suarez,9/20/80,769-90-9548,Georgia
398,Sarah Hamilton,7/20/76,887-03-3104,North Dakota
148,Sydney Floyd,3/31/81,539-71-0722,Connecticut
223,Jonathan Hall,7/1/78,695-47-6672,Nebraska
574,Jennifer Kim,10/3/76,313-36-9504,Minnesota
588,Kenneth Sanchez,10/30/80,214-25-8921,California
157,Joseph Carroll,5/9/75,370-40-5984,North Dakota
175,Jennifer Arnold,10/18/76,427-30-4368,Alabama
473,David Le,8/31/76,010-02-5444,Michigan
29,Jeffrey Clark,6/28/78,635-21-0316,Missouri
334,Jeffery Reed,7/19/85,080-44-6338,New Jersey
465,Laura Kim,7/26/74,895-19-3606,Pennsylvania
92,Derek Obrien,6/29/90,410-87-6123,New Hampshire
470,Brooke Bishop,12/18/80,412-08-4107,California
128,Peter Miles,10/26/76,414-73-3367,Washington
77,Alex Owen,10/7/87,416-16-9252,Alabama
530,Michael Fowler,8/28/90,645-83-3995,Tennessee
270,Katherine Rose,1/19/76,441-58-0446,Minnesota
251,Daniel Waller,4/23/74,875-21-0011,Kentucky
277,Ronald Johnson,9/19/73,114-71-8871,Delaware
346,Austin Gutierrez,6/25/79,205-28-0203,Vermont
238,Brandon Chang,5/14/84,341-89-6687,Alabama
143,Alexander Murphy,5/5/84,775-04-0664,Utah
461,Stephanie Mendoza,3/22/77,329-01-8308,Vermont
5,Gregory Moore,2/10/82,870-62-6226,Massachusetts
117,Jonathan Mendoza,12/30/89,693-61-0262,Maryland
396,Michelle Phillips,9/17/88,844-26-2345,Oklahoma
517,Justin Morgan,3/17/76,774-57-5133,Michigan
228,Michael Hubbard,9/9/78,620-09-8972,Connecticut
576,Travis Little,5/14/92,731-12-6995,Wyoming
482,Susan Kennedy,12/19/88,617-76-4558,Maine
611,Emily Mcgrath,11/10/73,813-34-7640,Colorado
288,Sandra Griffin,11/13/88,499-56-6533,Nevada
322,Jessica Sullivan,1/7/90,889-12-2665,Wyoming
93,Timothy Mendoza,6/9/80,241-02-2367,New Mexico
631,Amanda Pearson,8/15/79,422-17-9832,Tennessee
95,Jeffery Burnett,7/28/84,704-38-4493,Kansas
225,Brian Williams,1/12/86,864-23-5701,Montana
386,Randy Dorsey,5/9/74,425-80-0360,Missouri
272,Duane Williams,10/14/73,433-06-8818,Nevada
614,Colleen Beasley,8/12/77,108-95-3286,Massachusetts
262,Brian Jackson,12/21/85,265-23-9597,Pennsylvania
110,Cynthia Price,10/15/91,883-48-6184,South Dakota
501,Donald Carter,7/16/83,441-92-5922,Hawaii
65,Lisa Schmitt,4/23/76,124-27-5980,Tennessee
458,Dustin Nichols,6/7/77,515-40-9015,Nebraska
224,Jay Brown,4/24/80,270-72-8736,Texas
160,Beth Lynch,2/13/84,746-76-0814,Alaska
259,Mary Mitchell,1/20/82,789-28-3602,Texas
547,Joshua Rush,8/5/86,611-35-2710,Georgia
358,Jillian David,4/11/73,737-64-4462,Hawaii
652,Anthony Delgado,9/19/94,004-64-7837,Florida
49,Meghan Wilson,5/18/88,367-27-4722,Hawaii
437,Andrea Montgomery,12/3/91,815-88-6315,Ohio
536,Megan Gray,10/12/72,778-23-4006,New York
636,Sarah Brooks,6/27/91,311-24-6948,Arkansas
330,Kaylee Clark,5/29/92,790-16-0753,Wisconsin
538,Joseph Martin,4/13/92,030-49-5396,Arkansas
168,Donna Rose,4/20/89,719-40-1960,Tennessee
480,Brandi Sawyer,7/13/79,008-58-9334,Rhode Island
543,James Torres,1/19/86,626-84-5026,Delaware
506,Jonathan Malone,4/14/84,564-67-9942,Minnesota
80,Christine Williams,8/15/74,527-98-1974,Minnesota
342,Christopher Young,12/2/88,326-55-1343,Nebraska
364,David Turner,2/13/73,087-32-7108,Illinois
64,Gregory Estes,10/4/89,075-74-9235,Kansas
156,Shannon Vaughn,12/27/92,808-91-2444,Arkansas
285,James Mclaughlin,1/21/81,283-38-1088,North Carolina
79,Michael Brown,1/13/86,132-02-9682,Ohio
170,Jennifer Crawford,7/21/86,229-11-5861,Florida
561,Michelle Carr,6/22/78,823-25-2759,Connecticut
617,Andrew Love,5/27/91,648-67-9696,Ohio
515,Anna Bennett,6/20/77,726-51-6909,Tennessee
644,William Watts,10/12/89,304-40-6883,Minnesota
450,Cynthia Williams,12/23/78,044-54-5994,New York
216,Bruce Miles,1/21/82,573-82-0969,Iowa
88,Amanda Wilson,5/23/72,724-19-0767,Nebraska
130,Joshua Riley,11/8/83,854-49-4874,Indiana
408,Carla Torres,2/23/87,370-68-7599,Connecticut
105,Mark Green,6/14/77,198-33-6893,Arizona
580,Stephanie Goodwin,2/25/86,344-89-5702,North Carolina
388,Cameron Allen,1/2/86,136-19-8341,Idaho
316,Harold Li,5/11/83,283-61-2966,Georgia
196,Sara Curry,6/5/84,519-38-1678,Idaho
366,Caroline Wyatt,11/12/79,445-50-7063,New York
331,Nicole Perez,9/28/82,462-42-1455,Montana
63,Jacqueline Garcia,1/31/91,295-50-8953,North Carolina
651,Alexander Wright,4/18/79,756-79-7263,Minnesota
497,Heather Farrell,1/11/78,310-06-0338,Massachusetts
14,Joseph Fernandez,6/1/78,426-42-4971,Illinois
52,Timothy Chandler,3/26/78,582-22-3897,New Mexico
456,Gregory Jackson,6/6/73,534-49-0058,Wyoming
412,Thomas Patterson,5/6/77,461-05-4561,Virginia
283,Timothy Suarez,1/12/77,297-27-3073,Wisconsin
174,Jennifer Jensen,3/9/91,887-11-4293,Georgia
509,Andrew Hogan,6/8/90,792-16-5943,North Dakota
254,Dale Hartman,10/1/93,432-25-9502,Maine
531,Jennifer Williams,2/27/77,636-51-9054,Oklahoma
104,Antonio Perez,2/9/80,389-42-4115,North Carolina
549,Joshua Hicks,1/7/85,513-99-4786,Kansas
183,Edward Thompson,8/31/94,079-49-8605,Ohio
612,Lee Zamora,3/17/79,869-60-3321,Utah
492,Wyatt Rivers,2/7/84,614-70-5135,Kentucky
27,Michelle Reeves,11/23/72,785-63-1066,Pennsylvania
287,Joanna Hopkins,4/17/73,040-93-2714,Massachusetts
584,Joseph Mitchell,5/18/80,467-14-7441,Virginia
624,Ariel Ray,9/11/72,864-09-2732,Oregon
53,Shawn Murray,10/30/90,289-22-5217,Mississippi
206,Jose Spears,3/1/76,853-38-2675,New Hampshire
211,Caroline Mayer,5/3/73,003-62-2487,Wyoming
646,David Weaver,8/11/76,757-06-2750,Maine
336,Kelly Sullivan,4/12/88,661-66-7284,Nevada
555,Kyle Ramirez,5/30/84,493-42-2839,Washington
560,Carrie Davis,6/20/84,515-71-6558,Washington
203,Catherine Martinez,4/28/90,810-79-6917,New Mexico
217,Amanda Lewis,12/5/88,367-54-0504,Montana
371,Katherine Bailey,3/4/94,363-30-3545,West Virginia
605,Rodney Smith,5/8/75,618-31-3105,New Hampshire
337,Savannah Saunders,5/12/84,465-33-2473,Iowa
381,Claudia Oneal,4/1/87,377-73-9008,Texas
508,Roy Johnson,3/30/84,467-51-6344,Alaska
58,Michelle Smith,7/8/82,201-65-6834,Nevada
401,Amanda Haney,4/11/83,590-77-9019,Iowa
163,Theresa Fletcher,10/22/92,184-29-0535,Virginia
548,Debra Green,7/20/88,227-39-5376,South Carolina
161,John Cox,12/11/85,338-52-7739,Ohio
464,Beth Harris,12/22/82,698-92-5871,Rhode Island
476,Erica Mcconnell,7/1/81,160-88-0878,Massachusetts
208,Kimberly Johnson,1/22/92,714-72-4304,Pennsylvania
378,Kyle Aguirre,10/24/73,371-57-4469,Nebraska
654,Nicole English,4/30/77,765-82-9164,Hawaii
585,Bonnie Turner,4/1/73,074-68-0208,Maryland
621,Maurice Gillespie,9/7/84,837-91-8509,Georgia
300,Corey Adams,10/8/88,248-93-2578,Oregon
640,Brett Nelson,6/20/86,084-14-3049,Maryland
297,Melody Nelson,1/23/79,192-41-1931,Virginia
209,James Young,4/12/80,236-57-8557,Maine
320,Robert Smith,4/14/94,596-07-0748,Mississippi
242,Caroline Larson,5/5/90,301-81-7178,Louisiana
258,Megan Robinson,3/24/73,504-14-1601,West Virginia
570,Shawn Edwards,1/19/78,767-54-4865,Louisiana
417,David Evans,9/15/77,333-38-6773,Washington
281,Julie Price,1/20/93,727-90-3599,Pennsylvania
436,Briana Webster,2/8/78,272-29-3704,Pennsylvania
441,Robin Oconnor,2/27/78,413-15-0782,New Hampshire
425,Albert Davidson,1/20/75,207-05-9182,California
553,Mark Chen,4/2/89,706-71-3553,Wyoming
266,Elizabeth Lynn,2/25/92,824-09-8647,Massachusetts
40,Tracy Gonzalez,11/1/83,073-55-4059,Wyoming
609,Patricia Fletcher,6/30/79,843-06-2311,Rhode Island
471,Tammy Salinas,12/29/80,840-48-3850,North Carolina
307,Roger Wright,3/4/74,311-67-3080,Missouri
353,Kelly Castillo,4/13/92,821-22-7622,Washington
393,Charles Kelley,4/14/93,159-25-1133,Oklahoma
607,David Johnson,6/23/85,002-74-9729,Delaware
483,David Cervantes,1/8/83,415-39-0082,Washington
370,Valerie Lopez,4/10/83,382-70-0441,Alabama
273,Sarah Hayes,11/20/84,110-63-8195,Connecticut
141,Christina Arnold,10/20/79,155-78-2313,New York
338,Cynthia Bennett,11/26/73,763-92-7899,Maryland
15,Michelle Huang,4/9/83,469-34-8363,Utah
120,Amanda Dodson,3/4/73,203-93-6056,Kansas
75,Jeff Hawkins,8/10/92,488-30-5606,Illinois
115,Patrick Taylor,7/29/91,169-49-5595,Missouri
629,Elizabeth Howard,11/5/84,060-60-2641,Arizona
299,Noah White,4/30/77,096-79-0897,South Carolina
498,Caroline Jackson,12/29/83,228-19-4102,Delaware
445,Andrea Wright,6/15/78,305-24-8386,Ohio
582,Sara Smith,1/2/83,761-28-9188,Tennessee
245,Jennifer Rodriguez,4/23/74,264-82-2538,New Mexico
129,Deanna Terrell,2/5/90,037-69-5743,Oklahoma
544,Kristina Summers,2/17/89,005-91-3058,Oregon
377,Laura Mercado,4/5/74,303-84-9514,Michigan
155,Matthew Kane,11/17/90,236-21-9385,Pennsylvania
440,Tamara White,5/20/80,758-53-6614,Florida
550,Samantha Thompson,6/4/76,279-17-9230,New York
47,John Mcmillan,3/2/83,487-50-7301,Nevada
89,Andrea Webb,12/11/85,443-79-7815,Virginia
145,Lori Odonnell,10/22/89,253-31-2415,Kansas
554,Ronald Huerta,12/13/73,479-84-6058,Oklahoma
523,Chelsea Foster,3/26/74,383-14-4094,Alaska
499,Daniel Lopez,9/7/89,463-91-2639,Arkansas
37,Jonathan Jones,1/13/77,835-17-7798,Minnesota
384,Jessica Gaines,4/23/81,424-63-9332,Colorado
514,Timothy Morris,6/16/81,644-90-2962,Wyoming
260,Donna Campbell,7/14/93,272-12-2369,Nevada
239,Tonya Martinez,9/4/72,758-21-7702,Iowa
420,Pamela Moore,2/20/80,116-55-9532,New Jersey
380,Michelle Ali,5/5/93,276-49-3823,Kansas
387,Alexander Gibson,10/27/83,691-27-1036,Colorado
207,Jay Smith,3/6/85,223-84-6315,Connecticut
318,Teresa Watkins,7/27/72,888-39-5707,New York
16,Bradley Guzman,5/8/80,169-11-2817,Wyoming
61,Rhonda Young,6/3/79,417-54-2336,Nebraska
280,Brandon Davis,7/22/77,787-43-1621,Arizona
13,Brandon Farmer,8/10/80,456-81-2601,Texas
563,Barbara Murphy,10/30/89,061-21-9225,Arkansas
569,James King,4/21/78,780-72-1432,Alaska
575,Drew Kelly,3/25/93,472-02-3264,Washington
319,Virginia Wise,2/18/82,672-32-8887,Oregon
122,Mary Hernandez,1/29/90,565-81-5268,New York
520,Ryan Russell,1/6/75,092-91-3828,Hawaii
489,Amanda Smith,8/5/89,572-68-3579,Delaware
136,Morgan Dunn,7/13/80,023-57-1601,Arizona
142,Kimberly Shaw,6/11/73,215-04-7577,Massachusetts
250,Kathleen Klein,1/15/90,020-62-3388,New Mexico
383,Diana Meyers,9/13/72,070-31-4296,Tennessee
650,Logan Smith,3/26/90,561-73-0194,Minnesota
231,Tracy Martin,5/3/75,818-01-0726,Alaska
431,Edwin Martin,2/13/88,408-06-9168,Missouri
306,Kelly Moran,7/14/76,729-38-0670,Nevada
151,Robert Smith,1/12/87,038-77-2300,Idaho
519,Jane Martinez,1/30/91,747-95-3977,Arizona
172,Denise Castillo,10/10/83,748-58-0042,Louisiana
121,Jonathon Brock,4/30/80,825-84-9917,Colorado
140,Amanda Franco,9/24/94,300-85-5413,Alaska
48,Heather Robinson,11/20/85,237-56-1929,Minnesota
282,Kathryn Stout,8/24/87,137-83-9637,Iowa
42,Cory Hopkins,3/13/77,272-53-9491,Alaska
247,Ryan Snyder,7/14/82,857-30-9330,Massachusetts
59,Sara Walker,8/16/85,024-86-5423,Nebraska
137,Daniel Garcia,4/21/79,560-41-3001,Wisconsin
257,Paul Evans,6/25/77,401-60-4302,Minnesota
343,Elizabeth Olson,1/22/76,638-61-7163,Massachusetts
195,Ann Romero,10/27/89,460-21-4046,Delaware
268,Thomas Jensen,2/23/91,771-14-3430,Ohio
558,Brian Davila,7/5/82,054-83-3711,Delaware
70,Donna Howard,3/31/90,306-06-7432,Mississippi
28,Kimberly Massey,1/1/81,769-02-4649,Missouri
132,Jeremy Cross,11/22/87,157-72-4632,Hawaii
335,Dennis Thomas,6/11/89,326-36-5032,Indiana
349,Kenneth Martin,8/24/89,175-81-4681,Michigan
510,Tyler Brewer,6/28/72,212-01-9006,Hawaii
36,Scott Brooks,2/24/72,855-42-4958,New York
430,Derrick Fritz,12/5/82,075-98-0071,Iowa
376,Christine Munoz,11/17/74,018-38-0149,Missouri
226,Julie Robbins,11/23/76,058-13-4571,Indiana
240,Rachel Cook,3/3/82,716-85-9042,New Mexico
291,Kyle Hoffman,12/25/84,003-43-7692,Montana
619,Nancy Nguyen,7/5/76,847-75-3939,Virginia
424,John Wells,5/25/93,299-24-3026,New Hampshire
212,Robert Ellison,7/16/79,371-13-9579,Nebraska
263,Keith Robinson,4/15/78,538-88-3579,North Carolina
443,Dennis Osborn,11/15/73,716-62-3531,Massachusetts
26,Ronald Hays,12/21/93,282-09-6430,Texas
491,Leslie Brown,6/15/73,805-86-1806,New Jersey
114,Maria Chapman,12/20/73,165-32-7300,Oklahoma
434,Melissa Torres,3/22/81,484-34-6921,New Mexico
615,Joshua Weaver,11/20/82,268-48-7030,Iowa
525,Crystal Martin,8/29/93,252-45-0679,Maine
44,Sheri Ball,8/4/91,422-21-7548,Arizona
475,Steven Ritter,2/11/86,063-53-8004,Ohio
529,Linda Krause,12/22/78,138-55-4382,South Dakota
83,John Myers,7/25/89,879-93-1869,New Jersey
275,Mark White,9/9/92,254-67-7830,Idaho
190,Diana Smith,12/2/73,893-18-3506,Illinois
423,Karen Lyons,6/9/90,244-19-9081,Oklahoma
581,Laura Glenn,10/20/92,401-57-1468,Texas
177,Diana Spence,9/20/83,802-85-4751,Massachusetts
573,Samantha Farley,7/10/77,225-05-2351,Washington
46,Kayla Mitchell,10/13/75,014-15-9155,Wisconsin
17,Crystal Myers,12/31/80,497-13-6532,Ohio
101,Brooke Jones,4/9/79,200-90-2606,Tennessee
261,John Mueller,3/22/87,260-56-7849,Maryland
435,Karla Rosales,7/10/83,294-95-1729,Illinois
448,Jennifer Brown,8/23/77,234-83-0700,Massachusetts
597,Blake Jimenez,9/10/77,199-95-3810,Kansas
628,Michael Garcia,11/5/80,716-14-4294,Illinois
610,Jermaine Quinn,12/24/89,800-42-1754,California
113,Patricia Cruz,4/22/76,214-78-3822,Indiana
235,Cameron Mcintosh,2/1/75,781-82-8921,Nevada
21,Michelle Brewer,6/10/88,038-84-6836,Oklahoma
362,Hannah Nolan,9/15/78,570-46-1332,Oklahoma
368,Erica Johnson,5/27/78,620-05-9413,Louisiana
323,Jeremy Obrien,1/13/82,153-17-7592,Oregon